{
    "images":
    {
        "title":
        {
            "image" : "modpack:logo.png",
            "posX" : 0,
            "posY" : 150,
            "width" : 281,
            "height" : 49,
            "alignment" : "top_center"
        },
		
		 "buttonbg":
        {
            "image" : "modpack:buttonbg.png",
            "posX" : 28,
            "posY" : -250,
            "width" : 220,
            "height" : 1200,
            "alignment" : "left_center"

        }
    },
	

    "buttons":
    {
        "singleplayer":
        {
		    "texture" : "modpack:buttonmidt.png",  
            "text" : "menu.singleplayer",
            "posX" : -300,
            "posY" : 48,
            "width" : 98,
            "height" : 20,
            "action" : 
            {
                "type" : "openGui",
                "gui" : "singleplayer"
            }
        },
        
        "multiplayer":
        {
		    "texture" : "modpack:buttonmidt.png",  
				"text" : "menu.multiplayer",
            "posX" : -200,
            "posY" : 48,
            "width" : 98,
            "height" : 20,
            "action" : 
            {
                "type" : "openGui",
                "gui" : "multiplayer"
            }
        },
        
        "mods":
        {
            "texture" : "modpack:buttonmidt.png",  
			"text" : "fml.menu.mods",
            "posX" : -300,
            "posY" : 72,
            "width" : 98,
            "height" : 20,
            "action" : 
            {
                "type" : "openGui",
                "gui" : "mods"
            }
        },
            
        "options":
        {
            "texture" : "modpack:buttonmidt.png",
			"text" : "menu.options",
            "posX" : -200,
            "posY" : 72,
            "width" : 98,
            "height" : 20,
            "action" : 
            {
                "type" : "openGui",
                "gui" : "options"
            }
        },
        
        "quit":
        {
            "texture" : "modpack:buttonmidt.png",
            "text" : "menu.quit",
            "posX" : -250,
            "posY" : 100,
            "width" : 98,
            "height" : 20,
            "action" : 
            {
                "type" : "quit"
            }
        },
		
		
        
        "language":
        {
            "text" : "",
            "posX" : -124,
            "posY" : 100,
            "width" : 20,
            "height" : 20,
            "action" : 
            {
                "type" : "openGui",
                "gui" : "languages"
            }
        },
        
        "refresh":
        {
            "text" : "",
            "posX" : -154999,
            "posY" : 132,
            "width" : 20,
            "height" : 20,
            "texture" : "custommainmenu:textures/gui/buttons.png",
            "action" : 
            {
                "type" : "refresh"
            }
        }
    },
    
    "labels":
    {
        "mojang":
        {
            "text" : "A Crimson Pack",
            "posX" : -100,
            "posY" : -10,
            "color" : -1,
            "alignment" : "bottom_right"
        }
        
    },
    
    "other":
    { 
        "panorama":
        {
            "images" : "modpack:panorama_%c.png",
            "animate" : true	,
            "animationSpeed" : 2,
            "blur" : false,
            "gradient" : true
        }
    }
}